{
  "user": [
    {
      "id": "Jojo",
      "name": "Jojo Bhai",
      "password": "123",
      "email": "jojo@gmail.com",
      "phone": "1234567890",
      "country": "india",
      "address": "hi",
      "gender": "male"
    },
    {
      "id": "Jatin",
      "name": "Jatin Garg",
      "password": "345",
      "email": "jatin@gmail.com",
      "phone": "1234567890",
      "country": "india",
      "address": "hi",
      "gender": "male"
    },
    {
      "id": "saiyam",
      "name": "saiyam babbar",
      "password": "123",
      "email": "saiyam@gmail.com",
      "phone": "1234567890",
      "country": "india",
      "address": "rohtak",
      "gender": "male"
    }
  ]
}